city,year_month,total_attempts,completed_swaps,failed_swaps,total_revenue_inr,total_energy_cost_inr,failure_rate_pct,contribution_margin_proxy_inr
Bengaluru,2024-01,21082,20168,567,1199831.6,432529.25197,2.69,767302.35
Bengaluru,2024-02,21917,20887,630,1245282.4,447043.13795,2.87,798239.26
Bengaluru,2024-03,24308,23213,664,1378948.6,490392.8617,2.73,888555.74
Bengaluru,2024-04,25514,24426,705,1453583.0,511755.66648,2.76,941827.33
Bengaluru,2024-05,29226,27360,1169,1627854.4,566459.18616,4.0,1061395.21
Bengaluru,2024-06,30217,28842,863,1715399.8,590758.186,2.86,1124641.61
Bengaluru,2024-07,33862,32456,843,2091344.75,655527.28731,2.49,1435817.46
Bengaluru,2024-08,36545,35038,931,2258864.85,702648.26304,2.55,1556216.59
Bengaluru,2024-09,38924,37231,1035,2403079.6,745277.28523,2.66,1657802.31
Bengaluru,2024-10,44992,43015,1201,2984965.4,853747.81776,2.67,2131217.58
Bengaluru,2024-11,46383,44426,1193,3017383.2,873254.78132,2.57,2144128.42
Bengaluru,2024-12,51468,49184,1370,3347191.05,960142.85738,2.66,2387048.19
Bengaluru,2025-01,55453,53016,1524,3595694.9,1017550.68017,2.75,2578144.22
Bengaluru,2025-02,51892,49645,1309,3377714.5,941103.77271,2.52,2436610.73
Bengaluru,2025-03,58871,56349,1540,3834741.45,1040935.88995,2.62,2793805.56
Bengaluru,2025-04,59125,56494,1631,3848275.1,1029552.6226,2.76,2818722.48
Bengaluru,2025-05,66584,63083,2198,4305100.05,1133849.48885,3.3,3171250.56
Bengaluru,2025-06,66896,63693,1944,4336275.4,1118719.90382,2.91,3217555.5
Delhi NCR,2024-01,20143,19269,527,1151845.2,416247.3256,2.62,735597.87
Delhi NCR,2024-02,20529,19634,539,1167778.4,418534.14078,2.63,749244.26
Delhi NCR,2024-03,22802,21812,600,1292308.8,458302.27691,2.63,834006.52
Delhi NCR,2024-04,24350,21902,1601,1298891.2,457169.45186000003,6.57,841721.75
Delhi NCR,2024-05,26702,22173,3004,1315888.8,459426.1123,11.25,856462.69
Delhi NCR,2024-06,28071,23609,3001,1405268.6,486290.80127,10.69,918977.8
Delhi NCR,2024-07,29933,28581,796,1856457.75,587989.02124,2.66,1268468.73
Delhi NCR,2024-08,33229,31784,855,2064357.35,646418.83508,2.57,1417938.51
Delhi NCR,2024-09,38237,36517,1041,2353604.5,735527.08832,2.72,1618077.41
Delhi NCR,2024-10,45688,43697,1231,2813464.0,866281.76647,2.69,1947182.23
Delhi NCR,2024-11,48160,46141,1210,2883318.05,893283.15414,2.51,1990034.9
Delhi NCR,2024-12,53661,51347,1400,3206017.55,976291.64455,2.61,2229725.91
Delhi NCR,2025-01,57484,55050,1463,3442765.2,1026675.32496,2.55,2416089.88
Delhi NCR,2025-02,55233,52905,1396,3321904.65,967126.96794,2.53,2354777.68
Delhi NCR,2025-03,62792,60071,1661,3763423.5,1065683.99663,2.65,2697739.5
Delhi NCR,2025-04,64888,58745,4017,3698508.6,1021233.86401,6.19,2677274.74
Delhi NCR,2025-05,68491,59268,6066,3743028.45,1000906.07328,8.86,2742122.38
Delhi NCR,2025-06,68443,59803,5789,3781654.45,974880.25848,8.46,2806774.19
Hyderabad,2024-01,19796,18910,561,1134516.2,416819.89949,2.83,717696.3
Hyderabad,2024-02,19898,19051,534,1145200.6,419283.6012,2.68,725917.0
Hyderabad,2024-03,22466,21546,568,1299712.2,474812.20506,2.53,824899.99
Hyderabad,2024-04,23870,22511,862,1357236.8,493356.0364,3.61,863880.76
Hyderabad,2024-05,26020,21409,3048,1285932.0,461656.64846,11.71,824275.35
Hyderabad,2024-06,26123,22443,2444,1342704.4,475159.48839,9.36,867544.91
Hyderabad,2024-07,28221,27012,742,1761277.5,569617.53963,2.63,1191659.96
Hyderabad,2024-08,30622,29303,786,1904927.75,609231.7782000001,2.57,1295695.97
Hyderabad,2024-09,36762,35138,1024,2266481.0,719408.69,2.79,1547072.31
Hyderabad,2024-10,42906,41112,1110,2643328.95,823257.79767,2.59,1820071.15
Hyderabad,2024-11,43567,41754,1090,2611776.0,814697.24063,2.5,1797078.76
Hyderabad,2024-12,48130,46089,1239,2883437.35,881327.46977,2.57,2002109.88
Hyderabad,2025-01,51017,48804,1345,3049576.4,913816.13322,2.64,2135760.27
Hyderabad,2025-02,48856,46801,1261,2927532.4,854836.9789400001,2.58,2072695.42
Hyderabad,2025-03,56159,53723,1505,3365682.95,952865.37724,2.68,2412817.57
Hyderabad,2025-04,58956,55684,2044,3481103.1,954507.88261,3.47,2526595.22
Hyderabad,2025-05,65021,56020,6024,3500784.95,922002.1144,9.26,2578782.84
Hyderabad,2025-06,63498,56960,4240,3557949.55,904450.19626,6.68,2653499.35
Jaipur,2024-01,13592,13020,361,777143.2,291659.95114,2.66,485483.25
Jaipur,2024-02,13647,13069,321,783087.4,292159.15278,2.35,490928.25
Jaipur,2024-03,15370,14716,396,877039.4,322533.71284,2.58,554505.69
Jaipur,2024-04,16765,14500,1508,872043.0,319637.24333,8.99,552405.76
Jaipur,2024-05,18241,14635,2428,883718.6,322134.32256,13.31,561584.28
Jaipur,2024-06,18723,15193,2332,910838.0,327504.68329,12.46,583333.32
Jaipur,2024-07,19056,18230,514,1183789.7,387169.90248,2.7,796619.8
Jaipur,2024-08,20636,19733,550,1284645.95,415498.45717999997,2.67,869147.49
Jaipur,2024-09,24359,23361,613,1502737.35,479822.22534,2.52,1022915.12
Jaipur,2024-10,29346,28069,770,1815298.45,575557.16961,2.62,1239741.28
Jaipur,2024-11,30586,29295,803,1853587.0,589613.44495,2.63,1263973.56
Jaipur,2024-12,34010,32467,935,2048637.15,640557.61717,2.75,1408079.53
Jaipur,2025-01,35719,34271,866,2154163.25,656079.16115,2.42,1498084.09
Jaipur,2025-02,33949,32515,897,2043351.65,600855.57114,2.64,1442496.08
Jaipur,2025-03,38615,36928,1029,2327578.65,654825.87139,2.66,1672752.78
Jaipur,2025-04,39690,36030,2395,2276331.25,622857.59453,6.03,1653473.66
Jaipur,2025-05,42736,36782,3944,2324137.65,614488.82171,9.23,1709648.83
Jaipur,2025-06,42540,36498,4015,2307698.3,590767.549,9.44,1716930.75
Mumbai,2024-01,16904,16126,499,970344.0,388600.32654,2.95,581743.67
Mumbai,2024-02,16907,16155,473,970430.0,386371.16777,2.8,584058.83
Mumbai,2024-03,18263,17434,528,1050770.8,417386.97518999997,2.89,633383.82
Mumbai,2024-04,19000,18143,534,1100133.4,433219.95211,2.81,666913.45
Mumbai,2024-05,20913,19956,562,1207158.0,471352.60834,2.69,735805.39
Mumbai,2024-06,20119,19230,539,1163831.8,450501.91942,2.68,713329.88
Mumbai,2024-07,19618,18775,518,1242582.15,441255.60824,2.64,801326.54
Mumbai,2024-08,21302,20403,533,1345429.4,472809.03447,2.5,872620.37
Mumbai,2024-09,25470,24361,680,1599204.85,553346.24396,2.67,1045858.61
Mumbai,2024-10,31204,29817,841,1952815.7,669154.64479,2.7,1283661.06
Mumbai,2024-11,32720,31277,896,1990989.85,695290.14131,2.74,1295699.71
Mumbai,2024-12,36248,34589,1024,2201515.8,757497.4,2.82,1444018.4
Mumbai,2025-01,38746,37008,1050,2357643.15,798774.23973,2.71,1558868.91
Mumbai,2025-02,37082,35465,984,2255805.05,751332.97475,2.65,1504472.08
Mumbai,2025-03,41923,40043,1142,2544575.65,833770.87499,2.72,1710804.78
Mumbai,2025-04,43404,41489,1181,2637714.5,846811.02485,2.72,1790903.48
Mumbai,2025-05,47040,44883,1331,2857216.7,892481.05102,2.83,1964735.65
Mumbai,2025-06,43397,41525,1126,2638651.7,806408.05033,2.59,1832243.65
Pune,2024-01,16752,16006,441,964567.8,331735.25505,2.63,632832.54
Pune,2024-02,16372,15640,459,944463.2,323692.81636,2.8,620770.38
Pune,2024-03,18272,17421,500,1053522.6,358528.6077,2.74,694993.99
Pune,2024-04,19487,18630,512,1121866.8,378706.91103,2.63,743159.89
Pune,2024-05,22078,19912,1418,1192171.4,394868.90125,6.42,797302.5
Pune,2024-06,22623,21559,646,1289071.2,422126.95842,2.86,866944.24
Pune,2024-07,24647,23551,688,1530998.35,457858.13263,2.79,1073140.22
Pune,2024-08,26557,25418,681,1650768.8,491659.80152,2.56,1159109.0
Pune,2024-09,28714,27430,814,1777395.5,531974.79385,2.83,1245420.71
Pune,2024-10,32307,30826,897,2137779.4,591599.09739,2.78,1546180.3
Pune,2024-11,33383,31944,859,2170013.5,611407.62098,2.57,1558605.88
Pune,2024-12,36857,35255,995,2403918.95,670900.21465,2.7,1733018.74
Pune,2025-01,39307,37650,1009,2571294.75,709273.54206,2.57,1862021.21
Pune,2025-02,37021,35392,997,2408338.2,651614.65382,2.69,1756723.55
Pune,2025-03,41351,39497,1148,2694197.8,718669.40312,2.78,1975528.4
Pune,2025-04,42760,40795,1217,2796211.5,732604.25458,2.85,2063607.25
Pune,2025-05,47475,43686,2452,2991004.9,767759.61813,5.16,2223245.28
Pune,2025-06,46919,44691,1394,3067031.5,767010.93801,2.97,2300020.56
