year_month,total_attempts,completed_swaps,failed_swaps,abandoned_swaps,total_revenue_inr,total_energy_kwh,total_energy_cost_inr,failure_rate_pct,disruption_rate_pct,rev_per_completed_swap_inr,contribution_margin_proxy_inr,contribution_margin_proxy_pct
2024-01,108269,103499,2956,1814,6198248.0,244511.192,2277592.00979,2.73,4.41,59.89,3920655.99,63.25
2024-02,109270,104436,2956,1878,6256242.0,245469.642,2287084.01684,2.71,4.42,59.91,3969157.98,63.44
2024-03,121481,116142,3256,2083,6952302.4,270659.461,2521956.6394,2.68,4.39,59.86,4430345.76,63.72
2024-04,128986,120112,5722,3152,7203754.2,278461.168,2593845.26121,4.44,6.88,59.98,4609908.94,63.99
2024-05,143180,125445,11629,6106,7512723.2,287103.475,2675897.77907,8.12,12.39,59.89,4836825.42,64.38
2024-06,145876,130876,9825,5175,7827113.8,295797.886,2752342.03679,6.74,10.28,59.81,5074771.76,64.84
2024-07,155337,148605,4101,2631,9666450.2,333920.626,3099417.4915299998,2.64,4.33,65.05,6567032.71,67.94
2024-08,168891,161679,4336,2876,10508994.1,359437.07,3338266.16949,2.57,4.27,65.0,7170727.93,68.23
2024-09,192466,184038,5207,3221,11902502.8,404926.588,3765356.3267,2.71,4.38,64.67,8137146.47,68.37
2024-10,226443,216536,6050,3857,14347651.9,469777.414,4379598.29369,2.67,4.38,66.26,9968053.61,69.48
2024-11,234799,224837,6051,3911,14527067.6,480294.546,4477546.38333,2.58,4.24,64.61,10049521.22,69.18
2024-12,260374,248931,6963,4480,16090717.85,524017.444,4886717.20352,2.67,4.39,64.64,11204000.65,69.63
2025-01,277726,265799,7257,4670,17171137.65,549036.497,5122169.08129,2.61,4.29,64.6,12048968.57,70.17
2025-02,264033,252723,6844,4466,16334646.45,511027.585,4766870.9193,2.59,4.28,64.63,11567775.53,70.82
2025-03,299711,286611,8025,5075,18530200.0,566231.499,5266751.41332,2.68,4.37,64.65,13263448.59,71.58
2025-04,308823,289237,12485,7101,18738144.05,557985.192,5207567.24318,4.04,6.34,64.78,13530576.81,72.21
2025-05,337347,303722,22015,11610,19721272.7,570683.294,5331487.16739,6.53,9.97,64.93,14389785.53,72.97
2025-06,331693,303170,18508,10015,19689260.9,553402.894,5162236.8959,5.58,8.6,64.94,14527024.0,73.78
