hour_of_day,total_attempts,failed_swaps,abandoned_swaps,avg_queue_wait_sec,failure_rate_pct
0,22010,779,450,243.4,3.54
1,21786,750,465,245.1,3.44
2,21921,774,450,243.0,3.53
3,21891,736,474,243.3,3.36
4,24838,838,474,241.5,3.37
5,24717,812,520,243.7,3.29
6,54657,1910,1141,242.6,3.49
7,54919,1887,1178,244.0,3.44
8,164660,5855,3516,242.9,3.56
9,232717,8136,4871,242.5,3.5
10,135666,4850,2922,244.4,3.57
11,100333,3844,2260,243.0,3.83
12,363750,12208,7324,242.7,3.36
13,371027,12571,7406,242.7,3.39
14,165588,5822,3469,243.2,3.52
15,102708,3816,2373,243.2,3.72
16,104426,3989,2332,243.6,3.82
17,121024,4462,2692,243.6,3.69
18,224524,7833,4652,243.2,3.49
19,456540,19180,10729,242.9,4.2
20,454886,19271,10810,242.5,4.24
21,361587,15267,8789,243.0,4.22
22,183810,7774,4313,242.3,4.23
23,24720,822,511,245.0,3.33
