station_id,city,total_attempts,failed_swaps,abandoned_swaps,avg_queue_wait_sec,failure_rate_pct,disruption_rate_pct
STN-DEL-037,Delhi NCR,30838,1823,976,242.63587132758286,5.91,9.08
STN-DEL-048,Delhi NCR,34646,1991,1120,243.98911851295964,5.75,8.98
STN-JAI-138,Jaipur,48932,2785,1457,243.44014142074715,5.69,8.67
STN-DEL-045,Delhi NCR,32237,1830,981,243.08679467692403,5.68,8.72
STN-JAI-136,Jaipur,29340,1663,892,241.8741308793456,5.67,8.71
STN-JAI-141,Jaipur,45594,2581,1400,243.73408781857262,5.66,8.73
STN-DEL-050,Delhi NCR,47047,2647,1406,242.0422981274045,5.63,8.61
STN-JAI-137,Jaipur,44359,2498,1383,242.78261457652337,5.63,8.75
STN-JAI-140,Jaipur,44109,2468,1265,242.594005758462,5.6,8.46
STN-DEL-039,Delhi NCR,31774,1764,954,240.93881790142885,5.55,8.55
STN-DEL-043,Delhi NCR,49587,2754,1517,243.2744872648073,5.55,8.61
STN-JAI-142,Jaipur,33315,1840,1074,244.3435989794387,5.52,8.75
STN-DEL-036,Delhi NCR,35499,1949,1082,243.54714217301895,5.49,8.54
STN-JAI-139,Jaipur,31655,1734,975,243.1170115305639,5.48,8.56
STN-DEL-035,Delhi NCR,29553,1620,828,242.8769329678882,5.48,8.28
