station_id,city,zone,latitude,longitude,location_type,host_type,commissioned_date,decommissioned_date,expansion_wave,charger_generation,slots_2w,slots_3w,inventory_target_2w,inventory_target_3w,monthly_rent_inr,monthly_maintenance_inr,grid_tariff_inr_kwh,connectivity_tier,firmware_version,firmware_updated_date,competitor_within_1_5km_since
STN-BLR-001,Bengaluru,BLR-Electronic City,12.926943,77.604655,transit_hub,mall_parking,2023-12-09,,Launch,Gen1,12,6,32,7,23247,5436,9.29,good,v3.2.1,2025-04-14,
STN-BLR-002,Bengaluru,BLR-Central,13.149199,77.530565,commercial_hub,kirana,2023-06-20,,Launch,Gen2,16,0,38,0,23201,5249,8.41,poor,v3.2.1,2025-04-14,
STN-BLR-003,Bengaluru,BLR-Electronic City,12.917986,77.60756,commercial_hub,fuel_retailer,2023-09-26,,Launch,Gen2,16,0,43,0,10281,4516,8.66,good,v3.2.1,2025-04-14,
STN-BLR-004,Bengaluru,BLR-Whitefield,13.030901,77.489397,market,mall_parking,2023-08-25,,Launch,Gen1,16,0,33,0,12322,5802,9.19,good,v3.2.1,2025-04-14,
STN-BLR-005,Bengaluru,BLR-North,12.815864,77.628712,residential,mall_parking,2023-11-07,,Launch,Gen1,12,0,15,0,24194,7134,8.68,fair,v3.2.1,2025-04-14,
STN-BLR-006,Bengaluru,BLR-Central,13.167715,77.49896,commercial_hub,mall_parking,2023-06-10,,Launch,Gen1,12,0,32,0,9862,5894,8.66,poor,v3.2.0,2025-03-10,
STN-BLR-007,Bengaluru,BLR-East,12.835339,77.639064,commercial_hub,owned_lot,2023-09-07,,Launch,Gen2,12,6,18,7,11986,6669,9.92,poor,v3.2.0,2025-03-10,2025-01-15
STN-BLR-008,Bengaluru,BLR-South,13.022087,77.530346,market,owned_lot,2023-12-08,,Launch,Gen2,12,6,9,7,10714,6394,8.74,good,v3.2.0,2025-03-10,
STN-BLR-009,Bengaluru,BLR-North,12.799911,77.629492,commercial_hub,fuel_retailer,2023-09-01,,Launch,Gen1,16,4,19,5,20679,6553,9.34,good,v3.2.0,2025-03-10,2025-01-15
STN-BLR-010,Bengaluru,BLR-Central,13.157407,77.505721,market,mall_parking,2023-06-05,,Launch,Gen2,8,0,23,0,18240,6780,9.22,fair,v3.2.0,2025-03-10,
STN-BLR-011,Bengaluru,BLR-Whitefield,13.028538,77.4997,tech_park,owned_lot,2023-08-30,,Launch,Gen1,8,6,16,7,11461,7184,9.65,good,v3.2.0,2025-03-10,
STN-BLR-012,Bengaluru,BLR-East,12.815094,77.625845,tech_park,owned_lot,2023-08-09,,Launch,Gen1,16,0,26,0,10376,7087,8.79,good,v3.2.1,2025-04-14,2025-01-15
STN-BLR-013,Bengaluru,BLR-Electronic City,12.945109,77.582166,market,kirana,2023-09-14,,Launch,Gen2,8,0,22,0,23884,5501,9.77,good,v3.2.0,2025-03-10,
STN-BLR-014,Bengaluru,BLR-East,12.825178,77.637458,market,owned_lot,2023-09-21,,Launch,Gen1,8,4,12,5,17996,7457,9.67,good,v3.2.1,2025-04-14,2025-01-15
STN-BLR-015,Bengaluru,BLR-Central,13.155268,77.514607,commercial_hub,kirana,2023-11-05,,Launch,Gen2,8,0,21,0,12644,5791,9.81,good,v3.2.0,2025-03-10,
STN-BLR-016,Bengaluru,BLR-East,12.838193,77.611269,commercial_hub,owned_lot,2023-11-11,,Launch,Gen2,16,4,22,4,19911,7411,7.5,good,v3.2.1,2025-04-14,2025-01-15
STN-BLR-017,Bengaluru,BLR-Electronic City,12.942027,77.603844,tech_park,kirana,2023-07-21,,Launch,Gen2,8,0,20,0,14114,5713,10.15,fair,v3.2.1,2025-04-14,
STN-BLR-018,Bengaluru,BLR-Electronic City,12.929766,77.602778,market,kirana,2023-07-24,,Launch,Gen2,8,0,19,0,11737,4541,9.99,good,v3.2.1,2025-04-14,
STN-BLR-019,Bengaluru,BLR-Whitefield,13.037931,77.484227,commercial_hub,mall_parking,2023-08-18,,Launch,Gen1,8,6,16,7,11342,4641,9.12,good,v3.2.1,2025-04-14,
STN-BLR-020,Bengaluru,BLR-Central,13.150763,77.498129,tech_park,fuel_retailer,2023-10-22,,Launch,Gen2,12,4,29,5,9642,4934,8.0,good,v3.2.0,2025-03-10,
STN-BLR-021,Bengaluru,BLR-Central,13.148858,77.522696,highway_fuel_pump,kirana,2024-10-08,,Wave1_2024H2,Gen2,8,4,23,5,14763,5689,8.77,good,v3.2.0,2025-03-10,
STN-BLR-022,Bengaluru,BLR-North,12.822023,77.658564,highway_fuel_pump,fuel_retailer,2024-10-08,,Wave1_2024H2,Gen2,8,0,9,0,22463,6255,10.01,good,v3.2.1,2025-04-14,2025-01-15
STN-BLR-023,Bengaluru,BLR-Central,13.16631,77.527781,residential,fuel_retailer,2024-08-30,,Wave1_2024H2,Gen2,16,0,40,0,11947,6062,9.08,good,v3.2.0,2025-03-10,
STN-BLR-024,Bengaluru,BLR-Whitefield,13.002362,77.474726,residential,mall_parking,2024-09-18,,Wave1_2024H2,Gen2,8,4,18,5,22431,6038,9.97,good,v3.2.1,2025-04-14,
STN-BLR-025,Bengaluru,BLR-East,12.821132,77.629489,highway_fuel_pump,mall_parking,2024-10-10,,Wave1_2024H2,Gen3,16,4,23,5,24003,7437,8.96,good,v3.2.1,2025-04-14,2025-01-15
STN-BLR-026,Bengaluru,BLR-Central,13.139957,77.504484,highway_fuel_pump,fuel_retailer,2024-09-30,,Wave1_2024H2,Gen2,12,0,31,0,13364,6852,10.73,poor,v3.2.0,2025-03-10,
STN-BLR-027,Bengaluru,BLR-South,13.04354,77.526621,market,kirana,2025-04-06,,Wave2_2025H1,Gen3,12,0,8,0,14830,7353,10.0,good,v3.2.1,2025-04-14,
STN-BLR-028,Bengaluru,BLR-East,12.849491,77.627915,transit_hub,kirana,2025-02-19,,Wave2_2025H1,Gen3,8,0,12,0,17900,5910,8.82,good,v3.2.1,2025-04-14,2025-01-15
STN-BLR-029,Bengaluru,BLR-East,12.817158,77.631451,market,mall_parking,2025-04-28,,Wave2_2025H1,Gen3,12,0,21,0,14235,5595,9.7,poor,v3.2.1,2025-04-14,
STN-BLR-030,Bengaluru,BLR-Electronic City,12.924526,77.58033,market,mall_parking,2025-04-21,,Wave2_2025H1,Gen3,8,0,21,0,10536,7100,9.62,good,v3.2.0,2025-03-10,
STN-BLR-031,Bengaluru,BLR-East,12.830738,77.623313,market,kirana,2025-03-26,,Wave2_2025H1,Gen3,12,0,17,0,18128,6805,10.55,good,v3.2.0,2025-03-10,2025-01-15
STN-BLR-032,Bengaluru,BLR-Electronic City,12.936329,77.579485,market,mall_parking,2025-03-02,,Wave2_2025H1,Gen3,16,6,44,7,18050,6666,8.31,good,v3.2.1,2025-04-14,
STN-DEL-033,Delhi NCR,DEL-West,28.475943,77.097616,market,owned_lot,2023-06-28,,Launch,Gen1,12,4,17,5,22733,4912,9.51,good,v3.2.1,2025-04-14,
STN-DEL-034,Delhi NCR,DEL-West,28.495335,77.081869,highway_fuel_pump,mall_parking,2023-07-03,,Launch,Gen2,12,6,19,7,9462,5087,10.2,fair,v3.2.0,2025-03-10,
STN-DEL-035,Delhi NCR,DEL-Gurugram-Cyber,28.60613,77.248722,market,kirana,2023-06-10,,Launch,Gen1,16,0,18,0,16056,7497,9.16,good,v3.2.1,2025-04-14,
STN-DEL-036,Delhi NCR,DEL-Noida,28.598176,77.262656,market,fuel_retailer,2023-11-07,,Launch,Gen1,16,6,23,7,17733,6790,9.2,good,v3.2.1,2025-04-14,
STN-DEL-037,Delhi NCR,DEL-Noida,28.620611,77.267558,commercial_hub,owned_lot,2023-06-12,,Launch,Gen1,16,0,22,0,11941,6869,8.99,good,v3.2.1,2025-04-14,
STN-DEL-038,Delhi NCR,DEL-Gurugram-Cyber,28.584375,77.212238,market,mall_parking,2023-10-06,,Launch,Gen1,8,0,9,0,12226,4849,9.72,good,v3.2.1,2025-04-14,
STN-DEL-039,Delhi NCR,DEL-East,28.466488,77.097026,residential,fuel_retailer,2023-11-25,,Launch,Gen1,12,0,28,0,11960,6658,8.98,fair,v3.2.1,2025-04-14,
STN-DEL-040,Delhi NCR,DEL-South,28.613492,77.145076,market,mall_parking,2023-09-08,,Launch,Gen1,16,6,17,7,19742,7493,9.4,fair,v3.2.0,2025-03-10,
STN-DEL-041,Delhi NCR,DEL-East,28.500709,77.081232,commercial_hub,mall_parking,2023-09-04,,Launch,Gen2,8,0,19,0,11740,5374,9.47,good,v3.2.1,2025-04-14,
STN-DEL-042,Delhi NCR,DEL-Gurugram-Cyber,28.579633,77.221467,market,kirana,2023-06-02,,Launch,Gen2,8,0,9,0,9260,5611,8.96,good,v3.2.1,2025-04-14,
STN-DEL-043,Delhi NCR,DEL-East,28.478187,77.101377,commercial_hub,mall_parking,2023-09-29,,Launch,Gen1,12,0,32,0,16226,6507,8.72,poor,v3.2.1,2025-04-14,
STN-DEL-044,Delhi NCR,DEL-Noida,28.618268,77.263405,commercial_hub,kirana,2023-11-10,,Launch,Gen2,8,0,12,0,11456,6436,8.95,poor,v3.2.1,2025-04-14,
STN-DEL-045,Delhi NCR,DEL-Noida,28.622412,77.247504,commercial_hub,owned_lot,2023-06-07,,Launch,Gen1,16,0,25,0,19218,6346,9.66,good,v3.2.1,2025-04-14,
STN-DEL-046,Delhi NCR,DEL-Noida,28.598173,77.245905,market,mall_parking,2023-08-14,,Launch,Gen2,16,0,26,0,13222,6132,8.55,poor,v3.2.0,2025-03-10,
STN-DEL-047,Delhi NCR,DEL-South,28.610966,77.160085,market,owned_lot,2023-08-23,,Launch,Gen1,12,4,15,5,18326,4619,8.68,good,v3.2.0,2025-03-10,
STN-DEL-048,Delhi NCR,DEL-West,28.475881,77.071943,market,owned_lot,2023-09-07,,Launch,Gen1,16,0,27,0,11627,6190,9.44,good,v3.2.0,2025-03-10,
STN-DEL-049,Delhi NCR,DEL-West,28.485361,77.078575,tech_park,fuel_retailer,2023-11-10,,Launch,Gen1,8,6,13,7,18266,7415,8.32,fair,v3.2.1,2025-04-14,
STN-DEL-050,Delhi NCR,DEL-East,28.495258,77.095545,commercial_hub,fuel_retailer,2023-10-06,,Launch,Gen1,12,0,29,0,21281,5342,8.31,poor,v3.2.1,2025-04-14,
STN-DEL-051,Delhi NCR,DEL-East,28.491312,77.114162,residential,kirana,2024-09-22,2025-05-20,Wave1_2024H2,Gen2,12,4,28,4,13559,5463,9.0,good,v3.2.0,2025-03-10,
STN-DEL-052,Delhi NCR,DEL-Gurugram-Cyber,28.606711,77.232221,residential,kirana,2024-08-15,,Wave1_2024H2,Gen2,8,0,9,0,15296,5588,9.12,good,v3.2.0,2025-03-10,
STN-DEL-053,Delhi NCR,DEL-Noida,28.604215,77.26892,highway_fuel_pump,mall_parking,2024-08-07,,Wave1_2024H2,Gen2,8,4,14,5,23563,4930,8.95,fair,v3.2.0,2025-03-10,
STN-DEL-054,Delhi NCR,DEL-West,28.495664,77.08538,highway_fuel_pump,owned_lot,2024-10-01,,Wave1_2024H2,Gen2,12,6,21,7,25308,5054,8.77,good,v3.2.0,2025-03-10,
STN-DEL-055,Delhi NCR,DEL-South,28.605747,77.142606,residential,mall_parking,2024-09-28,,Wave1_2024H2,Gen3,12,0,14,0,16479,6681,9.22,good,v3.2.1,2025-04-14,
STN-DEL-056,Delhi NCR,DEL-West,28.496811,77.080708,residential,kirana,2024-10-27,,Wave1_2024H2,Gen2,12,4,17,5,15237,7360,9.28,good,v3.2.1,2025-04-14,
STN-DEL-057,Delhi NCR,DEL-East,28.491914,77.100781,tech_park,fuel_retailer,2025-02-08,,Wave2_2025H1,Gen3,12,0,33,0,24504,6342,9.17,fair,v3.2.0,2025-03-10,
STN-DEL-058,Delhi NCR,DEL-Central,28.747185,77.035625,highway_fuel_pump,owned_lot,2025-03-30,,Wave2_2025H1,Gen3,12,4,9,5,10880,6261,10.14,good,v3.2.1,2025-04-14,
STN-DEL-059,Delhi NCR,DEL-West,28.480637,77.080806,commercial_hub,owned_lot,2025-02-19,,Wave2_2025H1,Gen3,8,0,14,0,15732,6758,9.21,good,v3.2.1,2025-04-14,
STN-DEL-060,Delhi NCR,DEL-East,28.47791,77.100748,market,owned_lot,2025-04-11,,Wave2_2025H1,Gen3,16,0,42,0,23214,5776,9.42,poor,v3.2.1,2025-04-14,
STN-DEL-061,Delhi NCR,DEL-West,28.488696,77.084866,highway_fuel_pump,kirana,2025-03-14,,Wave2_2025H1,Gen3,16,0,26,0,14177,5018,9.66,fair,v3.2.1,2025-04-14,
STN-DEL-062,Delhi NCR,DEL-Gurugram-Cyber,28.589736,77.236667,market,kirana,2025-03-26,,Wave2_2025H1,Gen3,8,6,10,7,14243,5514,9.2,good,v3.2.1,2025-04-14,
STN-HYD-063,Hyderabad,HYD-Hitech City,17.233343,78.508574,transit_hub,fuel_retailer,2023-10-17,,Launch,Gen2,12,6,17,7,25515,4764,10.85,good,v3.2.1,2025-04-14,
STN-HYD-064,Hyderabad,HYD-Central,17.250335,78.56334,market,fuel_retailer,2023-08-03,,Launch,Gen1,16,6,30,7,9130,5309,9.67,fair,v3.2.1,2025-04-14,
STN-HYD-065,Hyderabad,HYD-Hitech City,17.241279,78.499876,commercial_hub,fuel_retailer,2023-12-05,,Launch,Gen1,16,0,26,0,18393,4996,8.98,good,v3.2.1,2025-04-14,
STN-HYD-066,Hyderabad,HYD-Central,17.256875,78.59181,commercial_hub,kirana,2023-11-07,,Launch,Gen2,16,0,35,0,9464,4548,9.96,good,v3.2.0,2025-03-10,
STN-HYD-067,Hyderabad,HYD-Secunderabad,17.468527,78.51652,commercial_hub,mall_parking,2023-09-24,,Launch,Gen1,8,4,13,4,25041,5065,10.09,fair,v3.2.1,2025-04-14,
STN-HYD-068,Hyderabad,HYD-Central,17.24069,78.553185,commercial_hub,kirana,2023-09-17,,Launch,Gen1,8,4,15,5,11058,6745,9.21,good,v3.2.0,2025-03-10,
STN-HYD-069,Hyderabad,HYD-Secunderabad,17.464299,78.498401,market,owned_lot,2023-12-09,,Launch,Gen1,16,6,26,8,18775,4652,10.06,poor,v3.2.1,2025-04-14,
STN-HYD-070,Hyderabad,HYD-South,17.392846,78.587976,market,kirana,2023-08-24,,Launch,Gen1,16,6,11,7,24817,4677,9.19,good,v3.2.0,2025-03-10,
STN-HYD-071,Hyderabad,HYD-Central,17.228754,78.574117,market,owned_lot,2023-06-18,,Launch,Gen1,16,6,36,7,25045,5077,8.86,fair,v3.2.0,2025-03-10,
STN-HYD-072,Hyderabad,HYD-Hitech City,17.235007,78.506861,commercial_hub,kirana,2023-06-08,,Launch,Gen1,12,0,19,0,14597,6364,8.39,good,v3.2.1,2025-04-14,
STN-HYD-073,Hyderabad,HYD-Central,17.244067,78.582652,market,owned_lot,2023-11-16,,Launch,Gen1,12,4,25,5,10493,5592,9.17,good,v3.2.0,2025-03-10,
STN-HYD-074,Hyderabad,HYD-West,17.503863,78.363688,residential,fuel_retailer,2023-11-21,,Launch,Gen1,8,0,10,0,25969,5763,9.45,good,v3.2.0,2025-03-10,
STN-HYD-075,Hyderabad,HYD-Secunderabad,17.454298,78.494977,highway_fuel_pump,fuel_retailer,2023-10-22,,Launch,Gen2,8,0,14,0,9952,7151,8.43,good,v3.2.0,2025-03-10,
STN-HYD-076,Hyderabad,HYD-Secunderabad,17.449139,78.513023,transit_hub,mall_parking,2023-10-27,,Launch,Gen1,12,4,17,5,25820,7050,9.04,good,v3.2.1,2025-04-14,
STN-HYD-077,Hyderabad,HYD-Secunderabad,17.433347,78.513368,market,kirana,2023-08-19,,Launch,Gen1,16,0,27,0,10624,7225,8.21,good,v3.2.1,2025-04-14,
STN-HYD-078,Hyderabad,HYD-Central,17.233976,78.58993,residential,fuel_retailer,2023-07-27,,Launch,Gen1,12,6,27,7,14317,6277,9.23,good,v3.2.0,2025-03-10,
STN-HYD-079,Hyderabad,HYD-South,17.394644,78.580457,highway_fuel_pump,owned_lot,2024-10-03,,Wave1_2024H2,Gen2,12,6,10,7,19650,6849,8.48,good,v3.2.1,2025-04-14,
STN-HYD-080,Hyderabad,HYD-Secunderabad,17.459734,78.508433,highway_fuel_pump,fuel_retailer,2024-10-24,,Wave1_2024H2,Gen2,12,4,18,5,13399,6966,7.5,good,v3.2.1,2025-04-14,
STN-HYD-081,Hyderabad,HYD-Hitech City,17.254772,78.500249,residential,owned_lot,2024-08-25,,Wave1_2024H2,Gen3,8,0,13,0,15264,5071,8.85,good,v3.2.0,2025-03-10,
STN-HYD-082,Hyderabad,HYD-Hitech City,17.265584,78.506511,highway_fuel_pump,owned_lot,2024-10-14,,Wave1_2024H2,Gen2,8,4,12,5,9064,6552,8.79,fair,v3.2.1,2025-04-14,
STN-HYD-083,Hyderabad,HYD-Central,17.264009,78.586175,residential,kirana,2024-08-26,,Wave1_2024H2,Gen3,16,6,35,7,17051,6019,8.29,fair,v3.2.1,2025-04-14,
STN-HYD-084,Hyderabad,HYD-Central,17.246939,78.560329,commercial_hub,mall_parking,2025-03-04,,Wave2_2025H1,Gen3,8,0,17,0,9600,4694,8.51,poor,v3.2.1,2025-04-14,
STN-HYD-085,Hyderabad,HYD-Central,17.255567,78.572115,transit_hub,kirana,2025-03-30,,Wave2_2025H1,Gen3,12,6,25,7,25691,5463,9.75,fair,v3.2.1,2025-04-14,
STN-HYD-086,Hyderabad,HYD-Central,17.228798,78.564443,commercial_hub,owned_lot,2025-02-03,,Wave2_2025H1,Gen3,16,0,36,0,15326,4881,9.3,good,v3.2.1,2025-04-14,
STN-HYD-087,Hyderabad,HYD-West,17.500676,78.334507,commercial_hub,owned_lot,2025-03-15,,Wave2_2025H1,Gen3,8,0,10,0,17386,4828,8.53,fair,v3.2.0,2025-03-10,
STN-HYD-088,Hyderabad,HYD-West,17.530208,78.345679,market,fuel_retailer,2025-04-11,,Wave2_2025H1,Gen3,16,0,21,0,25545,5027,8.99,good,v3.2.0,2025-03-10,
STN-PUN-089,Pune,PUN-South,18.570944,73.667246,market,mall_parking,2023-11-29,,Launch,Gen2,12,4,35,5,13410,6301,9.11,good,v3.2.0,2025-03-10,
STN-PUN-090,Pune,PUN-Central,18.363691,73.784569,market,owned_lot,2023-11-20,,Launch,Gen2,12,0,17,0,20147,5197,8.11,good,v3.2.0,2025-03-10,
STN-PUN-091,Pune,PUN-Central,18.374112,73.76728,commercial_hub,fuel_retailer,2023-08-17,,Launch,Gen1,16,0,27,0,10823,6817,8.56,good,v3.2.0,2025-03-10,
STN-PUN-092,Pune,PUN-South,18.575188,73.666667,market,fuel_retailer,2023-06-20,,Launch,Gen1,16,4,46,5,13376,4926,8.51,good,v3.2.0,2025-03-10,
STN-PUN-093,Pune,PUN-South,18.568005,73.688809,commercial_hub,fuel_retailer,2023-11-02,,Launch,Gen1,16,0,45,0,21187,6550,7.84,fair,v3.2.1,2025-04-14,
STN-PUN-094,Pune,PUN-Central,18.388829,73.771147,commercial_hub,owned_lot,2023-11-30,,Launch,Gen2,16,4,23,5,10525,6100,9.55,poor,v3.2.0,2025-03-10,
STN-PUN-095,Pune,PUN-Central,18.39892,73.770288,market,owned_lot,2023-11-30,,Launch,Gen2,16,0,25,0,10810,5361,9.12,good,v3.2.1,2025-04-14,
STN-PUN-096,Pune,PUN-Hinjewadi,18.705217,73.748507,commercial_hub,owned_lot,2023-10-01,,Launch,Gen2,16,0,12,0,11280,5163,10.32,good,v3.2.1,2025-04-14,
STN-PUN-097,Pune,PUN-South,18.558179,73.667398,market,mall_parking,2023-07-29,,Launch,Gen2,16,6,39,7,21143,6071,8.27,poor,v3.2.1,2025-04-14,
STN-PUN-098,Pune,PUN-South,18.569468,73.675777,commercial_hub,mall_parking,2023-12-03,,Launch,Gen2,12,0,33,0,21960,7039,7.75,good,v3.2.1,2025-04-14,
STN-PUN-099,Pune,PUN-South,18.592434,73.673963,commercial_hub,owned_lot,2023-06-23,,Launch,Gen1,12,0,28,0,17985,7001,9.48,good,v3.2.1,2025-04-14,
STN-PUN-100,Pune,PUN-Central,18.375993,73.776926,market,mall_parking,2023-07-21,,Launch,Gen2,16,4,25,5,20285,4766,8.31,good,v3.2.1,2025-04-14,
STN-PUN-101,Pune,PUN-Central,18.387803,73.790694,transit_hub,mall_parking,2023-08-26,,Launch,Gen2,12,4,20,4,10077,6098,8.87,poor,v3.2.1,2025-04-14,
STN-PUN-102,Pune,PUN-South,18.57124,73.671191,residential,kirana,2024-09-19,,Wave1_2024H2,Gen3,8,6,23,7,16163,6929,8.75,good,v3.2.1,2025-04-14,
STN-PUN-103,Pune,PUN-Hinjewadi,18.70739,73.764106,tech_park,mall_parking,2024-10-23,,Wave1_2024H2,Gen2,12,6,9,7,15764,6024,10.18,good,v3.2.1,2025-04-14,
STN-PUN-104,Pune,PUN-South,18.593716,73.699665,highway_fuel_pump,mall_parking,2024-08-20,,Wave1_2024H2,Gen2,16,6,46,8,18979,6301,10.82,fair,v3.2.1,2025-04-14,
STN-PUN-105,Pune,PUN-South,18.570362,73.700716,residential,owned_lot,2024-10-24,,Wave1_2024H2,Gen2,16,0,39,0,16569,6708,9.42,good,v3.2.0,2025-03-10,
STN-PUN-106,Pune,PUN-Kharadi,18.661044,73.947885,highway_fuel_pump,fuel_retailer,2024-09-18,,Wave1_2024H2,Gen3,16,0,12,0,13604,5132,10.29,good,v3.2.1,2025-04-14,2025-01-15
STN-PUN-107,Pune,PUN-South,18.564331,73.669712,highway_fuel_pump,owned_lot,2025-03-18,,Wave2_2025H1,Gen3,12,0,32,0,15100,7025,8.95,good,v3.2.1,2025-04-14,
STN-PUN-108,Pune,PUN-Central,18.36339,73.785395,transit_hub,mall_parking,2025-02-15,,Wave2_2025H1,Gen3,12,6,17,7,17969,6715,9.19,good,v3.2.1,2025-04-14,
STN-PUN-109,Pune,PUN-South,18.593667,73.688233,market,mall_parking,2025-04-08,,Wave2_2025H1,Gen3,12,0,34,0,20452,4503,9.23,good,v3.2.0,2025-03-10,
STN-PUN-110,Pune,PUN-South,18.591364,73.680897,market,fuel_retailer,2025-02-14,,Wave2_2025H1,Gen3,8,4,20,5,12829,7322,9.9,good,v3.2.1,2025-04-14,
STN-MUM-111,Mumbai,MUM-Andheri,18.997792,72.98355,commercial_hub,mall_parking,2023-07-10,,Launch,Gen2,8,0,18,0,18154,4639,10.91,good,v3.2.1,2025-04-14,
STN-MUM-112,Mumbai,MUM-Andheri,19.001774,73.0015,commercial_hub,kirana,2023-12-08,,Launch,Gen2,16,0,32,0,33224,4602,11.7,good,v3.2.1,2025-04-14,
STN-MUM-113,Mumbai,MUM-Central,19.231872,72.924697,commercial_hub,fuel_retailer,2023-08-23,,Launch,Gen2,16,6,33,7,34757,5868,10.04,good,v3.2.0,2025-03-10,
STN-MUM-114,Mumbai,MUM-Andheri,19.005108,73.00389,commercial_hub,kirana,2023-12-16,,Launch,Gen2,12,4,28,4,35719,5850,11.25,good,v3.2.1,2025-04-14,
STN-MUM-115,Mumbai,MUM-Andheri,18.970197,72.985313,commercial_hub,kirana,2023-10-20,,Launch,Gen1,16,0,31,0,25728,4863,9.47,fair,v3.2.1,2025-04-14,
STN-MUM-116,Mumbai,MUM-Central,19.201421,72.904601,market,kirana,2023-09-15,,Launch,Gen2,16,6,34,8,19480,5398,11.15,poor,v3.2.1,2025-04-14,
STN-MUM-117,Mumbai,MUM-Navi Mumbai,19.187733,72.95422,market,owned_lot,2023-08-01,,Launch,Gen2,16,0,13,0,25898,7244,9.89,fair,v3.2.0,2025-03-10,
STN-MUM-118,Mumbai,MUM-Navi Mumbai,19.185048,72.978428,market,kirana,2023-11-10,,Launch,Gen2,8,0,7,0,21697,6414,9.1,poor,v3.2.0,2025-03-10,
STN-MUM-119,Mumbai,MUM-Central,19.219636,72.886092,commercial_hub,owned_lot,2023-08-01,,Launch,Gen2,12,6,24,7,32814,6787,9.94,good,v3.2.1,2025-04-14,
STN-MUM-120,Mumbai,MUM-Andheri,18.997594,73.002306,residential,kirana,2023-11-24,,Launch,Gen2,12,6,23,7,24559,5066,8.5,fair,v3.2.1,2025-04-14,
STN-MUM-121,Mumbai,MUM-Andheri,18.995324,72.999556,commercial_hub,fuel_retailer,2023-10-14,,Launch,Gen1,12,4,27,5,13850,5209,10.44,good,v3.2.0,2025-03-10,
STN-MUM-122,Mumbai,MUM-Navi Mumbai,19.1622,72.981689,market,mall_parking,2023-08-30,,Launch,Gen2,12,0,8,0,30295,6876,11.1,good,v3.2.0,2025-03-10,
STN-MUM-123,Mumbai,MUM-Thane,19.202196,72.9799,residential,owned_lot,2023-12-16,,Launch,Gen2,12,0,13,0,28568,7072,9.95,good,v3.2.1,2025-04-14,
STN-MUM-124,Mumbai,MUM-Central,19.206822,72.904445,transit_hub,owned_lot,2024-08-08,,Wave1_2024H2,Gen2,16,0,36,0,31743,5201,9.9,good,v3.2.1,2025-04-14,
STN-MUM-125,Mumbai,MUM-Andheri,18.988068,72.984211,residential,mall_parking,2024-08-30,,Wave1_2024H2,Gen2,12,0,26,0,14519,5692,9.97,fair,v3.2.0,2025-03-10,
STN-MUM-126,Mumbai,MUM-Thane,19.17894,73.002036,commercial_hub,owned_lot,2024-09-23,,Wave1_2024H2,Gen2,16,0,21,0,22169,4638,10.47,poor,v3.2.0,2025-03-10,
STN-MUM-127,Mumbai,MUM-Central,19.235086,72.896368,highway_fuel_pump,fuel_retailer,2024-08-31,,Wave1_2024H2,Gen2,12,6,26,7,34285,4967,9.65,good,v3.2.0,2025-03-10,
STN-MUM-128,Mumbai,MUM-Andheri,18.989586,72.997926,market,fuel_retailer,2025-04-13,,Wave2_2025H1,Gen3,16,0,34,0,33455,6038,9.71,poor,v3.2.0,2025-03-10,
STN-MUM-129,Mumbai,MUM-Central,19.203505,72.90577,market,owned_lot,2025-03-26,,Wave2_2025H1,Gen3,16,0,30,0,12868,6629,10.7,good,v3.2.0,2025-03-10,
STN-MUM-130,Mumbai,MUM-Central,19.201382,72.886496,highway_fuel_pump,mall_parking,2025-04-14,,Wave2_2025H1,Gen3,8,4,18,5,32242,6163,10.11,fair,v3.2.0,2025-03-10,
STN-MUM-131,Mumbai,MUM-Central,19.237652,72.905634,transit_hub,kirana,2025-04-25,,Wave2_2025H1,Gen3,8,0,15,0,18199,4571,9.78,good,v3.2.1,2025-04-14,
STN-MUM-132,Mumbai,MUM-Andheri,18.970414,73.001311,residential,kirana,2025-03-02,,Wave2_2025H1,Gen3,8,0,15,0,24332,4903,9.83,good,v3.2.1,2025-04-14,
STN-JAI-133,Jaipur,JAI-Vaishali,26.910752,75.667455,market,mall_parking,2023-11-13,,Launch,Gen1,16,0,18,0,9054,6476,9.45,good,v3.2.0,2025-03-10,
STN-JAI-134,Jaipur,JAI-Malviya Nagar,26.803329,75.86716,commercial_hub,kirana,2023-09-17,,Launch,Gen1,16,4,37,5,20545,5689,9.35,good,v3.2.0,2025-03-10,
STN-JAI-135,Jaipur,JAI-Vaishali,26.903037,75.642205,commercial_hub,kirana,2023-08-26,,Launch,Gen1,12,0,13,0,22957,5886,10.51,good,v3.2.0,2025-03-10,
STN-JAI-136,Jaipur,JAI-Malviya Nagar,26.824337,75.85503,transit_hub,mall_parking,2023-07-24,,Launch,Gen1,8,6,21,7,17864,7177,10.07,good,v3.2.0,2025-03-10,
STN-JAI-137,Jaipur,JAI-Malviya Nagar,26.795325,75.855718,commercial_hub,owned_lot,2023-08-16,,Launch,Gen1,8,0,19,0,13367,5391,9.23,fair,v3.2.1,2025-04-14,
STN-JAI-138,Jaipur,JAI-Malviya Nagar,26.81922,75.864944,market,kirana,2023-08-26,,Launch,Gen1,12,0,31,0,14392,4667,9.27,poor,v3.2.1,2025-04-14,
STN-JAI-139,Jaipur,JAI-Vaishali,26.915033,75.635205,commercial_hub,kirana,2023-09-24,,Launch,Gen1,16,0,18,0,17734,5792,9.57,poor,v3.2.1,2025-04-14,
STN-JAI-140,Jaipur,JAI-Malviya Nagar,26.803011,75.873369,commercial_hub,mall_parking,2023-09-15,,Launch,Gen1,16,0,45,0,18979,5885,9.16,fair,v3.2.0,2025-03-10,
STN-JAI-141,Jaipur,JAI-Malviya Nagar,26.818902,75.880865,commercial_hub,mall_parking,2023-06-06,,Launch,Gen1,16,0,40,0,16435,5066,8.57,good,v3.2.1,2025-04-14,
STN-JAI-142,Jaipur,JAI-Vaishali,26.926922,75.669042,commercial_hub,mall_parking,2023-10-05,,Launch,Gen1,12,6,15,7,17463,5861,9.1,poor,v3.2.0,2025-03-10,
STN-JAI-143,Jaipur,JAI-Vaishali,26.916222,75.6392,highway_fuel_pump,mall_parking,2024-10-26,,Wave1_2024H2,Gen2,12,0,14,0,20659,4576,9.3,fair,v3.2.1,2025-04-14,
STN-JAI-144,Jaipur,JAI-Vaishali,26.92117,75.653451,residential,fuel_retailer,2024-10-23,,Wave1_2024H2,Gen3,12,4,14,5,25928,5881,8.25,fair,v3.2.1,2025-04-14,
STN-JAI-145,Jaipur,JAI-Malviya Nagar,26.825823,75.85458,highway_fuel_pump,mall_parking,2024-08-23,,Wave1_2024H2,Gen2,12,4,28,5,24999,4760,9.08,fair,v3.2.1,2025-04-14,
STN-JAI-146,Jaipur,JAI-Malviya Nagar,26.833278,75.871283,residential,kirana,2024-09-04,,Wave1_2024H2,Gen2,8,6,22,7,11239,6663,8.13,good,v3.2.0,2025-03-10,
STN-JAI-147,Jaipur,JAI-Vaishali,26.929376,75.646709,market,fuel_retailer,2025-02-27,,Wave2_2025H1,Gen3,16,0,20,0,16752,6583,8.31,poor,v3.2.1,2025-04-14,
STN-JAI-148,Jaipur,JAI-Central,26.951471,75.742828,highway_fuel_pump,fuel_retailer,2025-02-01,,Wave2_2025H1,Gen3,8,0,6,0,18330,6187,9.37,good,v3.2.0,2025-03-10,
STN-JAI-149,Jaipur,JAI-Malviya Nagar,26.800606,75.864423,residential,mall_parking,2025-02-23,,Wave2_2025H1,Gen3,16,6,38,8,9494,6553,7.71,good,v3.2.1,2025-04-14,
STN-JAI-150,Jaipur,JAI-Malviya Nagar,26.810605,75.876903,market,mall_parking,2025-03-01,,Wave2_2025H1,Gen3,8,4,20,5,10218,7031,8.7,good,v3.2.1,2025-04-14,
